customer_id,customer_name,region,join_date
1,Cole Davidson,North,2024-12-07
2,David Smith,North,2025-04-03
3,Stacey Jennings,East,2025-08-22
4,Amy Smith,South,2024-05-17
5,Meredith Morse,South,2023-12-23
6,Sara Dawson,South,2023-10-21
7,Tommy Thompson,North,2023-10-21
8,Trevor Brown,North,2024-05-03
9,Emily Johnson,West,2025-02-28
10,Andrew Lewis,North,2023-10-12
11,Arthur Stone,North,2025-03-06
12,Rachel Walker,North,2025-03-14
13,Raymond Delacruz Jr.,South,2024-07-09
14,Christopher Caldwell DDS,South,2025-03-10
15,Julie Reyes,North,2024-08-06
16,Ryan Fletcher,South,2024-01-29
17,Larry Thomas,West,2025-06-18
18,Shawn Nolan,South,2024-09-16
19,Raymond Mitchell,West,2025-04-18
20,Tyler Lynch,East,2024-07-18
21,Eric Benjamin,North,2025-03-20
22,Anna Smith,South,2024-08-27
23,Jennifer Mullins,West,2025-07-18
24,Patricia Brown,East,2025-02-14
25,Tyler Campbell,East,2023-10-25
26,Michelle Martinez,South,2023-10-04
27,Stacy Sanchez,South,2024-10-06
28,Jennifer Wilkerson,East,2024-09-08
29,George Wright,North,2025-08-09
30,Mariah Flores,North,2024-01-13
31,Diane Barron,West,2025-06-15
32,Christopher Romero,North,2024-01-01
33,Gwendolyn Copeland,East,2024-05-31
34,Joseph Kent,East,2025-07-16
35,Taylor Snyder,East,2024-03-20
36,Scott Lopez,North,2024-03-13
37,Michael Walters II,West,2024-09-02
38,Alicia Wilson,North,2025-09-01
39,Virginia Thomas,West,2024-08-20
40,Kyle Nelson,North,2024-06-03
41,Matthew Walsh,East,2024-07-19
42,Paul Wagner,East,2025-02-19
43,Edward Murray,South,2024-07-06
44,Chad Freeman,North,2025-07-13
45,Lisa Marsh PhD,North,2024-03-26
46,Eric Graves PhD,South,2025-05-24
47,Nicholas White,East,2024-07-24
48,Jerry Porter,North,2025-06-28
49,Hannah Harris,South,2025-01-26
50,Emily Taylor,North,2025-09-07
51,Keith Boyd,West,2024-06-01
52,Patricia Moody,East,2024-09-25
53,Ryan Brooks,West,2024-12-29
54,Sherry Olson,East,2025-01-22
55,Adrienne Lloyd,South,2025-03-27
56,Elizabeth Whitaker,East,2025-03-10
57,Laura Zavala,East,2025-02-18
58,Ryan Logan,South,2024-04-20
59,Christopher Lopez,East,2023-11-17
60,Dalton Holmes,North,2024-01-28
61,Michael Blair,South,2024-05-25
62,Heather Cook,South,2025-04-03
63,Regina Patrick,South,2025-09-04
64,Sarah Walker,West,2024-04-27
65,Ricky Barron,West,2024-02-13
66,Mark Houston,East,2024-01-26
67,Ryan Faulkner,South,2024-03-29
68,Joel Nelson,East,2025-05-30
69,John Mcdonald,North,2025-03-02
70,Brian Johnson,South,2025-01-17
71,Patricia Eaton,North,2025-07-15
72,Jeffrey Morris,East,2025-07-11
73,Angelica Mitchell,West,2025-01-21
74,Arthur Evans,East,2025-06-29
75,Robert Erickson,North,2024-05-09
76,Teresa Mason,South,2025-01-03
77,James Patel,East,2023-09-12
78,Kathryn Martinez,South,2024-09-12
79,Joseph Walter,West,2024-07-16
80,Michael Watson,West,2023-10-14
81,Joanne Castro,West,2024-08-18
82,Heather Price,South,2024-09-06
83,Marisa Webb,East,2025-05-27
84,Briana Robertson,South,2025-06-14
85,Cathy Clark,South,2024-02-12
86,Angel Valencia,East,2023-09-17
87,Michael Rodriguez,West,2025-04-06
88,Daniel Huffman,West,2023-09-09
89,Krystal Harmon,East,2024-11-18
90,Misty Weaver,South,2024-04-15
91,Tiffany Hunt,South,2025-09-04
92,Ronnie Brown,West,2024-05-12
93,Dustin Robinson,North,2023-12-25
94,Nicholas Humphrey,North,2024-07-13
95,Christine Johnson,North,2025-08-30
96,Lisa Pham,South,2023-12-10
97,Karen Reid,South,2024-02-25
98,Carol Kim,West,2024-03-12
99,Tyrone Flores,North,2023-11-01
100,Rachael Howard,West,2024-02-04
101,David Norton,West,2024-10-17
102,Edward Hayes PhD,West,2024-05-11
103,Rose Evans,East,2025-05-19
104,Matthew Smith,North,2024-12-12
105,Sabrina Cooke,North,2025-02-25
106,Travis Turner,East,2024-12-23
107,Corey Edwards,East,2024-06-06
108,Samuel Lane,North,2024-12-02
109,Douglas Porter,East,2024-03-14
110,Miranda Durham,West,2024-09-29
111,Julie Cox,South,2024-12-10
112,Brandon Hughes,West,2024-09-08
113,Kelly Jones,North,2023-11-10
114,Tracy Chan,East,2024-09-07
115,Russell Mcguire,South,2024-04-17
116,Matthew Arnold,North,2024-10-12
117,April Gardner,East,2023-12-06
118,Joshua Shaw,South,2025-06-17
119,Maureen Kelley,South,2024-02-20
120,Steven Marshall,East,2025-06-17
121,Kristen Guerrero,South,2025-03-06
122,Steve Coleman,North,2024-11-08
123,Shawn Wilson,East,2025-07-16
124,Jonathan Hess,West,2023-12-31
125,Joanna Myers,North,2024-09-12
126,Sarah Meyers,North,2025-05-16
127,Helen Cox,East,2025-03-12
128,William Clark,East,2024-08-11
129,Michelle Chambers,South,2024-02-12
130,Jessica Chang,North,2024-10-06
131,Amber Walters,South,2025-02-07
132,Mary King,North,2025-07-28
133,Drew Wright,North,2025-06-20
134,Arthur Strong,West,2024-09-05
135,Mr. Harold Fisher,North,2024-12-11
136,Jeremy Mcdaniel,South,2024-10-02
137,Marc White,South,2024-03-15
138,Jacob Padilla,West,2025-02-06
139,Mary Perez,South,2024-09-11
140,Rodney Johnson,East,2024-06-17
141,Steven Moss,West,2025-04-29
142,Matthew Perez,South,2023-11-19
143,Darrell Jordan,South,2024-12-01
144,Jacob Gonzalez,East,2024-06-07
145,Christine Stout,West,2025-07-16
146,Laura Beck,East,2024-05-05
147,Billy Hardy,West,2023-11-21
148,Kayla Hernandez,West,2023-10-01
149,Keith Jefferson,North,2024-11-28
150,Jamie Nguyen,South,2025-03-28
151,George Luna,South,2025-08-03
152,Pamela Ramirez,North,2024-09-14
153,Daniel Taylor,East,2024-03-29
154,Elizabeth Farley,North,2023-09-23
155,David Morris,South,2024-07-15
156,Heather Thomas,South,2024-09-17
157,David Cox,North,2025-04-14
158,Jason Johnson,North,2024-06-22
159,Tanner Collins,North,2025-09-03
160,Jeffrey Thompson,South,2024-02-28
161,Cheryl Giles,North,2024-11-11
162,Brenda Martin,North,2025-07-09
163,Crystal Phillips MD,East,2024-06-30
164,Shawn Myers,North,2024-05-31
165,Wanda Williams,South,2024-08-01
166,Charles Gamble,East,2024-01-30
167,Patrick Tucker,West,2024-11-22
168,Brandon Collins,South,2025-06-11
169,Kristin Collins,South,2025-05-25
170,Julie Vazquez,West,2023-10-22
171,Brendan Gallagher,South,2025-01-30
172,Paula Bennett,West,2024-01-02
173,Warren Ponce,West,2025-01-21
174,Theresa Coleman,South,2024-11-11
175,Michael Fields,North,2024-12-15
176,Michael Green,North,2023-12-02
177,Lonnie Hudson,West,2025-01-10
178,Christine Nguyen,East,2025-07-13
179,Adam Newton,West,2024-06-14
180,Justin Villanueva,West,2025-06-08
181,Jessica Hart,West,2023-09-09
182,John Hernandez,North,2023-11-18
183,Stacey Hernandez,North,2024-10-31
184,Richard Phillips,North,2025-05-05
185,Benjamin Martinez,West,2024-08-09
186,Barry Warren,East,2025-02-22
187,Adam Glenn,North,2023-11-17
188,Thomas Collins,South,2025-08-15
189,Michele Hubbard,South,2025-08-03
190,Lisa Scott,South,2025-03-16
191,David Hanson,West,2025-02-25
192,Sean Thompson,South,2024-07-01
193,Laura Tate,West,2023-12-06
194,Gerald Perez DDS,South,2024-11-11
195,Carrie Cortez,East,2025-08-12
196,Debra Dunlap,West,2024-08-10
197,Brittany Burke,South,2023-09-16
198,John James,North,2024-05-07
199,Robert Davis,West,2024-08-15
200,Keith Bridges,North,2023-11-24
201,Justin Rodgers,North,2025-07-10
202,Amber Brown,North,2024-08-13
203,Brett Sullivan,North,2025-05-15
204,Scott Martinez,South,2023-10-07
205,Jennifer Mccarty,South,2023-10-07
206,Katie Donaldson,West,2023-12-03
207,Katrina Oconnell,West,2025-08-11
208,Samuel Maxwell,West,2024-08-29
209,Michael West,South,2023-10-07
210,Nicholas Fowler,West,2023-10-17
211,Corey Coleman,North,2024-06-22
212,Brittany Baker,South,2025-06-22
213,Carrie Velazquez,West,2024-06-10
214,Megan Beck,North,2025-08-06
215,Deborah Mccoy,West,2024-02-06
216,Rachel Wells,East,2025-06-26
217,Ruth Boone,West,2024-09-17
218,Dale Johnson,East,2024-11-17
219,Louis Johnson,West,2025-08-07
220,Daniel Lee,West,2024-04-10
221,Brian Gomez,South,2024-08-18
222,Shelly Mcfarland,South,2024-12-20
223,Paula Mccall,East,2024-10-13
224,Robert Schneider,South,2025-01-03
225,Wendy Robertson,North,2025-06-11
226,Cheryl Oconnor,North,2025-05-18
227,Wendy Coleman,East,2025-05-14
228,Phillip Myers,North,2023-12-06
229,Yolanda Michael,North,2025-02-22
230,Kendra Peterson,West,2024-07-23
231,Karen Simmons,South,2024-01-09
232,Michelle Green,North,2023-11-21
233,Steven Palmer,North,2025-07-31
234,Paul Parks,South,2024-03-16
235,Sharon Mitchell,North,2023-09-15
236,Melanie Lopez,North,2025-08-19
237,Mary Thompson,South,2025-04-05
238,Alexander Wagner,West,2025-02-06
239,Scott Hernandez,North,2023-09-13
240,Valerie Anderson,South,2025-01-15
241,Alicia Brown,North,2024-06-06
242,Sabrina Leon,North,2024-07-23
243,Jacob Whitney,West,2024-02-13
244,Pamela Mendoza,East,2025-01-12
245,Kelly Strickland,East,2024-07-24
246,Angela Taylor,South,2025-07-27
247,Travis Gibson,East,2024-12-02
248,Jason King,South,2025-03-01
249,Lori Lawson,East,2024-12-04
250,Brooke Santiago,West,2025-04-26
251,Kyle Munoz,South,2025-08-02
252,Ronald Sawyer,East,2025-08-21
253,Sandra Wolfe,West,2025-01-22
254,Christopher Rasmussen,East,2024-12-04
255,Scott Morales,North,2024-10-29
256,Matthew Ford,North,2024-12-20
257,Elizabeth Doyle,West,2023-12-22
258,Mr. Jeffery Taylor,North,2024-04-23
259,James Wilson,North,2025-05-22
260,Eric Jones,South,2024-09-24
261,Timothy Horton,East,2025-01-30
262,Robert Zavala,South,2025-01-24
263,Shane Gregory,East,2024-07-14
264,Brianna Carter,North,2024-03-04
265,Michelle Brown,South,2024-10-20
266,Glenn Robles,East,2024-10-18
267,Kenneth Krause,East,2023-11-10
268,Lori Tanner,South,2025-02-03
269,Alejandro Farley,West,2024-05-12
270,Tiffany Martin,East,2025-01-09
271,Kelly Wiley,North,2025-03-26
272,Michelle Hill,East,2024-10-17
273,Gary Mitchell,North,2025-03-26
274,Jeffrey Barnes,South,2025-07-14
275,John Butler,East,2024-10-15
276,Joel Cook,North,2025-03-14
277,Ruth Pham,North,2024-08-26
278,Danielle Mason,South,2024-06-07
279,Jacob Alvarez,East,2025-06-28
280,Kimberly Morales,East,2025-03-01
281,Jessica Lamb,South,2024-12-02
282,Steven King,East,2023-12-19
283,David Rose,South,2024-08-15
284,Joel Lloyd,East,2024-08-10
285,Sabrina Martin,West,2025-05-23
286,Michelle Phillips,East,2024-06-10
287,David Moreno,North,2024-03-22
288,Lisa Weber,North,2024-04-02
289,Jose Warren,West,2024-06-15
290,Stanley Delgado,East,2024-11-29
291,Mr. Alex Dixon MD,North,2023-10-28
292,Lisa Carter,North,2023-09-30
293,Travis Conley,East,2025-05-19
294,Shawn Phillips,South,2024-08-18
295,Micheal Giles,East,2024-07-15
296,Travis Richardson,South,2024-01-30
297,Cody Reynolds,West,2024-08-15
298,Charles Francis,West,2025-06-07
299,Carolyn Smith,North,2024-12-22
300,Dawn Smith,North,2024-12-27
301,Todd Allen,North,2024-06-16
302,Marc Miller,South,2023-09-25
303,Alexis Coffey,North,2025-01-03
304,Tiffany Tate,East,2024-12-25
305,Susan Alvarez,South,2024-12-15
306,Shawna Stewart,West,2024-09-21
307,Maria Ferguson,South,2024-04-28
308,Tammy Nolan,North,2024-09-10
309,Juan Smith,East,2024-06-12
310,Julie Fitzgerald,East,2024-10-16
311,Vincent Hernandez,North,2024-02-03
312,Suzanne Mendez,East,2024-03-21
313,David Mcdonald,South,2024-11-07
314,Andrew Jacobs,South,2024-01-03
315,William Bruce,North,2025-02-10
316,Daniel Carter,East,2024-06-18
317,Samantha Bell,West,2024-07-26
318,Melissa Holden,South,2024-12-10
319,William Lowery,South,2025-06-04
320,Rebecca Kidd,South,2025-03-01
321,Allen Marshall,South,2024-08-15
322,Russell Ward,West,2025-07-21
323,Angie Mclaughlin,North,2025-08-28
324,James Wong,South,2023-10-29
325,Michael Calhoun,East,2023-12-30
326,Paul Williams,West,2024-12-24
327,Shawn Cardenas,South,2024-09-01
328,David Williams,East,2025-08-22
329,Wayne Valdez,South,2025-01-23
330,Donald Alexander,North,2024-05-16
331,Charles Morales,West,2024-07-22
332,Timothy Barrera,North,2024-12-28
333,Kenneth Aguilar,West,2024-05-26
334,Marco Moore,South,2025-04-27
335,Betty Gray,South,2023-11-23
336,William Mendoza,West,2024-08-01
337,April Lee,East,2025-08-16
338,Jennifer Parker,East,2024-11-20
339,Laura Long,South,2023-09-27
340,Brenda Brown,South,2023-10-30
341,Kristin Phillips,North,2025-05-12
342,Sharon Zimmerman,South,2024-11-21
343,Maria Patterson,West,2024-02-24
344,Nicole Wallace,East,2024-02-02
345,Richard Flores,East,2024-09-25
346,Aaron Pierce,North,2024-06-18
347,Dylan Richards,East,2024-10-01
348,Christopher Mejia,East,2025-06-14
349,Patrick Figueroa,West,2025-03-13
350,Tiffany Sosa,East,2023-11-12
351,Nicole Miller,North,2024-06-13
352,Sheryl Williams,North,2025-09-01
353,Jason Singh,East,2024-09-22
354,Samantha Bullock,South,2025-08-03
355,Dale Montes,East,2024-10-23
356,Thomas Dixon,North,2024-04-17
357,Cody Hayes,North,2023-12-28
358,Erika Johnson,West,2024-11-25
359,Sharon Clark,East,2025-04-25
360,Lori Moore,East,2024-06-02
361,William Parker,West,2023-10-30
362,Cynthia Thompson,North,2025-04-13
363,Kathryn Hall,West,2024-08-09
364,Katrina Henry,South,2024-04-21
365,Christopher Brennan,East,2024-04-12
366,Jason Martin,North,2023-11-03
367,Michelle Adams,West,2025-03-20
368,Virginia Wade,North,2025-07-19
369,Colleen Davis,South,2024-02-13
370,Rebecca Wilkinson,East,2024-04-08
371,Kevin Hunt,West,2024-04-22
372,Frank Johnston,North,2025-02-12
373,Eric Baxter,East,2024-12-01
374,James Williams,East,2024-06-28
375,Shannon Porter,North,2024-11-28
376,Kyle Mason,East,2025-05-02
377,Mrs. Felicia Carney,East,2025-09-07
378,Jacob Pratt,West,2025-01-23
379,Lisa Taylor,East,2024-01-12
380,Ann Montes,West,2025-01-04
381,Lauren Gamble,East,2025-03-28
382,Gina Levy,South,2024-09-29
383,Christine Shaffer,South,2025-04-04
384,Christina Whitney,West,2025-03-23
385,Jordan Thomas,West,2024-11-04
386,David Ferguson,South,2024-01-24
387,William Moore,East,2024-03-02
388,Robert Mahoney,West,2025-02-22
389,Mark Clark,North,2023-12-20
390,Alexandra Norris,East,2023-11-14
391,Rachel Kim,East,2025-04-08
392,Kevin Boyle,South,2025-04-22
393,Erica Schmidt,West,2024-06-02
394,Ashley Sullivan,East,2025-07-09
395,Seth Wallace,West,2025-04-11
396,Michael Johnson,West,2024-03-21
397,Michael Olson,West,2024-12-28
398,Dawn Wilson,South,2024-04-28
399,Jaime Nielsen,West,2024-03-21
400,Makayla Harris,South,2025-05-16
401,Dennis Hammond,North,2025-01-03
402,Joanne Hamilton,East,2024-08-04
403,Robert Harrell,East,2025-07-15
404,Karen Johnson,North,2024-05-11
405,Vicki Dixon,South,2025-04-04
406,Amanda Whitehead,East,2024-04-19
407,Dr. Brianna Lang,South,2025-03-15
408,Heather Hernandez,South,2025-01-19
409,Michael Vazquez,South,2024-11-28
410,Paul Mcneil,North,2024-06-10
411,Nicholas Clark,North,2025-04-26
412,Pamela Ayala,South,2023-11-09
413,Mary Faulkner,West,2024-12-14
414,Roger Ortiz,North,2025-03-23
415,Rita Carson,West,2025-03-20
416,Dawn Baker,West,2024-07-24
417,Vanessa Brown,South,2024-08-21
418,Jacob Cortez,West,2024-01-18
419,Mike Collins,West,2024-01-15
420,Kelly Hernandez,West,2024-10-11
421,Andrew Wright,South,2025-07-14
422,John Chang,South,2025-04-30
423,William Stewart,North,2025-07-02
424,David Reyes,North,2024-05-31
425,Mark Vargas,West,2024-04-20
426,Mr. Michael Briggs IV,South,2025-05-02
427,Wayne Roy,South,2024-02-18
428,David Becker,West,2025-04-13
429,Larry Bailey,North,2025-02-06
430,Nicole White,South,2024-09-27
431,Samantha Stuart,North,2025-05-28
432,Gary Campbell,West,2025-06-17
433,David Ferguson,South,2025-07-28
434,Robert Cabrera,West,2024-01-30
435,Anthony Kelly,East,2024-11-22
436,Dale Taylor,West,2024-09-08
437,Jamie Hensley,West,2024-05-21
438,Susan Mitchell,West,2025-08-28
439,Tonya Fletcher,South,2024-03-30
440,Alison Mills,West,2023-12-14
441,Isabella Hampton,West,2023-11-08
442,Maria Todd,East,2025-02-09
443,Angela Hall,South,2023-11-21
444,Hannah Smith,East,2025-04-12
445,David Acosta,West,2025-07-28
446,Regina Rodriguez,South,2024-11-06
447,Kelli Martinez,East,2025-06-27
448,Brian Crosby,West,2024-07-24
449,Jordan Mcdonald,North,2023-09-21
450,Wendy Sutton,East,2023-11-10
451,David Johnson,South,2025-03-15
452,Jared Archer,East,2025-02-10
453,Victor Smith,East,2024-10-01
454,Jenna Burton,East,2024-03-04
455,Richard Green,North,2024-07-21
456,Patrick Parrish,South,2024-01-24
457,Brian Dawson,South,2025-03-22
458,Mary Phelps,South,2023-12-19
459,Stephanie Herrera,West,2025-04-11
460,Susan Hartman,South,2025-08-16
461,Matthew Ford,South,2024-01-09
462,Collin Keller,North,2025-02-06
463,Kimberly Walls,West,2024-07-24
464,Craig Moore,West,2025-02-01
465,Susan King,East,2024-02-01
466,Kathy Jones,West,2023-11-20
467,Dana Goodman,West,2025-03-27
468,Beth Curry,North,2025-03-01
469,Angel Rollins,South,2023-09-11
470,Dylan Reynolds,West,2025-08-06
471,Chad Hall,West,2025-08-25
472,Mary Herrera,North,2024-01-25
473,Christopher Barr,West,2024-10-08
474,Gina Phillips,West,2024-02-11
475,Deanna Williams,North,2024-07-05
476,Brian Cruz,East,2023-12-10
477,Evelyn Delgado,East,2023-12-04
478,Scott Coleman,West,2025-01-15
479,Rita Martinez,West,2024-01-03
480,Elijah Munoz Jr.,South,2024-11-30
481,Dr. Anthony Harper MD,West,2025-06-17
482,Donna Martinez,South,2024-07-31
483,Jason White,East,2025-02-02
484,Julian Mcclure,West,2024-02-18
485,Thomas Haynes,West,2024-05-11
486,Lisa Coleman,North,2024-08-29
487,Jennifer Medina,West,2024-02-20
488,Jesse Harris,East,2024-11-14
489,Aaron Smith,West,2023-10-26
490,Mark Kline,South,2024-11-07
491,Tammy Chen,West,2025-02-14
492,Zachary Brown,South,2023-12-25
493,Sara Lucas,North,2024-03-23
494,Barbara Krueger,West,2024-03-07
495,Charles Hamilton,North,2024-08-28
496,Susan Nunez,North,2023-11-03
497,Susan Zuniga,West,2023-12-05
498,Linda Schwartz,South,2025-03-09
499,Cory Webb,West,2024-05-01
500,Cassandra Murray,South,2024-08-11
