product_id,product_name,category,price
1,Mention,Electronics,246.34
2,Argue,Home,180.64
3,Attorney,Beauty,132.88
4,Growth,Home,143.43
5,Despite,Clothing,300.1
6,Day,Beauty,440.65
7,Event,Home,280.12
8,Kitchen,Home,260.73
9,Speak,Beauty,99.57
10,Claim,Home,124.47
11,White,Beauty,206.18
12,Common,Home,279.81
13,Protect,Electronics,123.96
14,Add,Beauty,240.67
15,Brother,Electronics,357.36
16,Season,Sports,226.85
17,Eat,Electronics,13.54
18,Big,Home,150.65
19,Thus,Clothing,205.18
20,Specific,Electronics,125.44
21,Their,Electronics,333.66
22,Benefit,Electronics,187.67
23,More,Clothing,278.97
24,Watch,Clothing,175.16
25,Wait,Electronics,498.33
26,Run,Sports,277.44
27,Admit,Clothing,179.15
28,Water,Clothing,229.6
29,It,Clothing,156.78
30,Which,Beauty,119.12
31,Point,Electronics,362.04
32,Factor,Sports,161.2
33,Shoulder,Clothing,372.73
34,Break,Beauty,475.68
35,Well,Home,346.63
36,Avoid,Home,99.81
37,Long,Clothing,370.61
38,Feel,Sports,141.87
39,Real,Sports,296.85
40,North,Electronics,381.3
41,Discussion,Clothing,300.41
42,Second,Home,490.35
43,Market,Electronics,417.15
44,Meet,Sports,151.64
45,Wind,Electronics,183.64
46,Sea,Home,154.62
47,Anything,Sports,355.47
48,Rich,Beauty,67.66
49,Forget,Beauty,27.53
50,His,Clothing,31.99
51,Business,Electronics,149.61
52,World,Sports,472.32
53,Structure,Clothing,320.75
54,Car,Electronics,377.63
55,If,Home,55.78
56,Themselves,Sports,11.07
57,Both,Electronics,145.75
58,Break,Sports,241.96
59,Run,Electronics,173.65
60,Yes,Home,482.92
61,Nature,Sports,129.98
62,Long,Beauty,431.55
63,Others,Home,61.47
64,Set,Electronics,37.35
65,Place,Sports,248.41
66,Stay,Home,290.63
67,Us,Electronics,344.79
68,Card,Beauty,80.1
69,Again,Beauty,406.52
70,Rule,Electronics,474.82
71,Computer,Beauty,47.16
72,Heavy,Home,127.85
73,Who,Beauty,281.25
74,Land,Clothing,211.01
75,Color,Beauty,300.08
76,Employee,Clothing,311.12
77,Republican,Sports,388.97
78,Laugh,Home,193.29
79,Ten,Sports,454.71
80,Back,Sports,152.19
81,Big,Beauty,296.32
82,Career,Beauty,217.27
83,South,Beauty,286.47
84,Including,Sports,34.81
85,Car,Home,480.25
86,Future,Home,54.12
87,Upon,Clothing,382.55
88,Start,Electronics,314.63
89,History,Home,136.0
90,Determine,Beauty,45.19
91,Maintain,Clothing,123.73
92,Push,Beauty,278.24
93,Say,Sports,82.48
94,Protect,Sports,207.22
95,Nothing,Beauty,346.24
96,Center,Home,237.61
97,Wait,Electronics,21.16
98,South,Beauty,147.61
99,Good,Home,144.95
100,Never,Clothing,430.51
